<Blog>

<date>12,July,2003</date>
<post>

     
      1/03 DrKioni.com Awarded ByRegion.net Healers Best of Websites Award DrKioni Live Internet Radio can now heard on AuctionWitch.com.  2/03 Announcing strategic web partnership with AuctionWitch.com.  2/03 Site Popularity: Metaphysical Link Directory 1383 distinct links, MSN 143 Links,  Site Popularity: AllTheWeb 148 Links, Alexa 76 Links. Google 166 Links, AltaVista 117 Links  Site Popularity: Yahoo 166 Links, Lycos 97 Links, Teoma, 71 Links, Ask Jeeves 80 Links,  Site Popularity: Google/AOL 166 Links, HotBot/Inktomi 142 Links, Excite 30 Links, i won Search 166 Links.  September 2002 Dr. Kioni celebrates 10th Anniversary online!  September Geo Listener Stats: 483 people tune to Internet Radio for a total of 408 hours!  August Geo Listener Stats: 303 people tune to Internet Radio for a total of 114 hours!  September 2002 Life Success Empowerment Internet Radio goes live!  DrKioni.com averages 3528 hits per day! July 2002 Statistics.  August 2002 Website redesigned - added separate products and services page.  August 2002 DrKioni.com offers site visitors discount telecom services through Cognigen; A leading global provider of discount telecom services.  June 2002 DrKioni.com Internet Radio premiers. Powered by Live365.  May 2002 World's Largest Metaphysical Link Directory added!  2002 Adds Personal Development giants Nightingale.com and mp3Motivators.com.  Jul 1999 Publishes the online eZine Esoteric Prosperity ISSN: 1528-7874. Awarded Topica's Pick for Valuable Content.  Oct 1998 DrKioni.com evolves online as a theme oriented virtual ecommerce website first began as the Exalted Living Institute.  1998 Becomes a member of Commission Junction. Begins marketing affiliate sites online.  1996 Began marketing telecommunications products and services online.  1992 The beginning - Owner and Sysop of Computer Bulletin Board. Service (BBS). 
     
    
</post>

<date>07,July,2003</date>
<post>

     
      WDRKLOVE Positive Vibes - DrKioni.com Web Station  904 Total Listening Hours in the last 30 days.   Countries tuning in to WDRKLOVE Positive Vibes: United States, Portugal, Japan, El Salvador,  Ukraine, United Kingdom, Switzerland, Hong Kong,    Israel, Belgium, Canada, Mexico, Brazil, France, Germany, Singapore, Chile, Australia, Korea Republic of, Thailand, Hungary, New Zealand, Norway, Indonesia, Yugoslavia, Netherlands, Spain,  Denmark,   Austria, Sweden, People's Republic China, Bahamas.  
     
    
</post>

<date>07,July,2003</date>
<post>

     
      Some html and java script code modifications, mostly for asthetics and faster loading pages.  Added digital prayer wheel from http://www.dharma-haven.org/.  Added link to http://www.auctionwitch.com/shoppes/Raven/ for DrKioni.com Logo design. Thanks Raven! Added Psychic Rx banner to index page for greater visibility.  Also tweaking keywords for higher search engine placement.  DrKioni.com now places #2 in the Google Directory  under the keywords Spiritual Advice.
     
    
</post>

<date>07,July,2003</date>
<post>

     
      In Feb. 2003 a query of search engines reported 1568 Links to DrKioni.com from websites on the WWW. The report is as follows:  Site Popularity: AllTheWeb 148 Links, Alexa 76 Links. Google 166 Links, AltaVista 117 Links  Site Popularity: Yahoo 166 Links, Lycos 97 Links, Teoma, 71 Links, Ask Jeeves 80 Links, MSN 143 Links Site Popularity: Google/AOL 166 Links, HotBot/Inktomi 142 Links, Excite 30 Links, i won Search 166 Links
     
    
</post>

<date>07,July,2003</date>
<post>

     
      DrKioni.com is proud to choose Blogger Pro for site news, updates and press releases. Check back often.
     
    
</post>

<date>18,July,2003</date>
<post>

     
      From: Dr. Kioni  Re: WDRKLOVE POSITIVE VIBES WEBCAST OUTAGE  Date: 07/18/03  You may have noticed I was having technical difficulties with the Positive Vibes Webcast yesterday. The cable company said the problem was on their side and it was repaired in a short period of time.  Nevertheless, the live Webcast was spotty at best and the outage occurred when a lot of you were listening. I sure hope you didn’t mind listening to the Best of Positive Vibes earlier than scheduled.  On the upside, I am now keeping the live stream online until 11pm EST weekdays.  The evening Webcast of Positive Vibes will feature music only – no success talk, nor public service announcements.   mp3motivator Nightingale-Conant Personal Development http://drkioni.com/products.html 
     
    
</post>

<date>16,July,2003</date>
<post>

     
      The following Affiliate Merchants offer great products and services on DrKioni.com. See individual Merchant's sites for content and economical bargains! Your satisfaction guaranteed - read individual website Secure Shopper Guarantees and Return Policies.   Nightingale-Conant Personal Development Henry and June Sexy Lingerie Gift Tree eHarmony mp3motivators Keen Tarot by Saskia AzureGreen Dr. Kioni's Online Health Rx - Vstore.com   
     
    
</post>

<date>15,July,2003</date>
<post>

     
      DrKioni.com is now an official eHarmony Affiliate and will offer Free Personality Profiles and memberships.   eHarmony utilizes intelligent matching for compatible singles.  Free Personality Profile ($40 value) offered with registration! Take the eHarmony tour and fall in love for all the right reasons.  2 thumbs up review by Dr. Kioni!
     
    
</post>

<date>14,July,2003</date>
<post>

     
       DrKioni.com Logo by Raven's Graphics Web Shoppe - See Ravens Banner under Web Master Resources  urlLink   at DrKioni.com.  Digital Prayer Wheel provided by Dharma- Haven.org urlLink    Thank you for your contribution to DrKioni.com!  SLH, Dr. Kioni 
     
    
</post>

<date>17,August,2003</date>
<post>

     
      Press Release August 17, 2003   Dr. Kioni announces a new plugin Community Forum powered by Every1.net has been added to DrKioni.com. Exciting , fresh content awaits each day as hundreds of people share online interest in Community Forums.   urlLink DrKioni.com News Updates 
     
    
</post>

<date>29,August,2003</date>
<post>

     
      Dr. Kioni joins the Ryze Business Network and also announces affiliate associations with ELOAN, Cheapairlines.com, AstroStore, Catalog City and Chopra Center Essentials as Commission Junction Affiliate Merchants. DrKioni.com continues to add quality internet products and services for your secure online shopping experience.    urlLink DrKioni.com Galleria Mall, catalogs and search engine shopping. Toscano, Bombay. shop malls online 
     
    
</post>

<date>29,August,2003</date>
<post>

     
      ELOAN, Inc. Nasdaq Symbol EELN, a leading online lending company with over $13 billion in consumer loans has approved DrKioni.com as an Affiliate Merchant website. ELOAN offers a variety of financial packages for Home, Auto, and Refinance Loans.   Also joining DrKioni.com is the Chopra Center Essentials featuring the products and services of the reknown Dr. Deepak Chopra.     urlLink DrKioni.com News Updates 
     
    
</post>

<date>21,September,2003</date>
<post>

     
      Java Script errors prohibited the site from loading over the past week and a half for some visitors. Please accept my apologies for the inconvenience. Thank you.  Dr. Kioni    urlLink DrKioni.com Live Advice, Spiritual Advice, Internet Radio, Metaphysical Links & Online Shopping 
     
    
</post>

<date>01,October,2003</date>
<post>

     
       urlLink WDRKLOVE Positive Vibes Internet Radio, New Age, Smooth Jazz, Rhythm & Success Talk http://DrKioni.com    The Positive Vibes webcast appeared to be offline a lot last week overnight due to my broadcast server malfunctioning. Live365 engineers have cleared the  problem and normal programming is resumed.  Thank you for understanding and being loyal listeners.  Dr. Kioni
     
    
</post>

<date>13,November,2003</date>
<post>

     
      Greeting Card interface back up.   urlLink DrKioni.com News Updates 
     
    
</post>

<date>13,November,2003</date>
<post>

     
      Website has undergone an entire renovation.  Users and Visitors will notice new template interface. Navigation buttons are consistent throughout the site and always located on the left side of the page. Positive Vibes listening button is now  available on all pages. The Google search engine p   urlLink Dr. Kioni Conscious Creation Coach. Advisor, Live Advice 
     
    
</post>

<date>26,November,2003</date>
<post>

     
       urlLink DrKioni.com News Updates 
     
    
</post>

<date>22,December,2003</date>
<post>

     
      DrKioni.com began hosting the TVRadio Network today. The TVRadio Network is a rapidly growing FREE TV/Radio Guide, that offers access to over 1000's of ONLINE television and radio stations worldwide.   Services include: all stations organized by both LOCATION and CATEGORY, plus a full station database search option. REAL PLAYER and WINDOWS MP options. (when available).  Other user features include a Plug-ins Center, "Favorites" options, "Send Station to a Friend", and much more...  http://drkioni.com/media.html 
     
    
</post>

<date>10,February,2004</date>
<post>

     
       urlLink DrKioni.com WDRK-LOVE Internet Radio - TVRadio Network - Smooth Jazz, Cool Jazz, Streaming Audio - Live Audio   The Internet radio station  WDRK-Love  and the popular program  Positive Vibes  is back on the air! Anyone can listen 24/7 by visiting DrKioni.com and clicking on the gold speaker icon located on every page or the Internet Radio tab on the main menus. Keep in mind that  the FREE stream is limited to only to 20 listeners .  However if having a choice of the best stations on AudioRealm appeals to you, then  listen to WDRK-Love's high quality digital stream on the AudioRealm Network where the stream is never full!  Only $4.99 per month or $49.90 per year (get two months FREE!)  urlLink FREE 7-day trial (No credit card required)Streaming Audio - Live Audio  
     
    
</post>

<date>24,June,2004</date>
<post>

     
      Luckymojo.com and DrKioni.com are proud to present the Luckymojo Hoodoo Rootwork Hour. Every Wed evening at 10PM Eastern Time, participants in the Hoodoo Rootwork Course come together on a conference line to discuss hoodoo (African American Herbal Magic - Conjure with Cat Yronwode from Luckymojo.com and Dr. Kioni from DrKioni.com. The Luckymojo Hoodoo Rootwork hour also features old time hoodoo blues and luminaries from the hoodoo and metaphysical community. The show can be heard live on WDRK-Love via DrKioni.com.
     
    
</post>

<date>01,August,2004</date>
<post>

     
      Added: Hoodoo Rootwork Forum Added: Hoodoo Rootwork Photo Album Added: Personal Weblog Added: Hoodoo Rootwork Annoucements and Events Calendar Added: I Am Success Email Links to above pages 
     
    
</post>


</Blog>