<Blog>

<date>22,May,2004</date>
<post>


       
       شک  چند وقتی بود که من حالم خوب نبود یعنی دیگه یادم نمیاد کی حالم خوب بوده تا این که یک اتفاقی افتاد. اتفاقی که افتاد اصلا خوب نبود اما اینو به من اثبات کرد که هیچ وقت توی شکتون نمونید. شک مثله یه دنیای یخی میمونه اولش قشنگه و گولت میزنه. بعد شروع میکنی به لرزیدن سردت میشه و میخوای ازش فرار کنی اما نمی گذاره تا این که یخ بزنی ما آدمها نیاز داریم که شک کنیم بدومه شک هیچ چی ساخته نمیشه اما فراموش نکنید  شک  اقامت گاه  خوبی  نیست . فقط گذرگاهه  البته من هنوز از شکم خارج نشدم اما میدونم که بیدار شدم. یخ زدم اما فکر میکنم که هنوز میتونم ازش خارج شم. یعنی امیدوارم 
     

    
</post>

<date>19,May,2004</date>
<post>


       
       من این بار قصد دارم که به نویسم  میدونید همیشه به این موضوع فکر میکردم که آدمها چرا قول میدن! واقعا سوال بود برام بعد می دونید به چه نتیجه ای رسیدم؟ فهمیدم آدمها وقتی میخوان کاری رو انجام ندن قول میدن! وگرنه چرا باید قول بدی وقتی همیشه به چیزی که میگی عمل کنی. شعار جدید : به کسی که قول میده اعتماد نکنید شعار قدیمی : به هیچ کس هعتماد نکنید 
     

    
</post>

<date>28,May,2004</date>
<post>


       
       urlLink    Watch everywhere. It could be real CLOSE.  Posted by  urlLink Hello  
     

    
</post>

<date>26,May,2004</date>
<post>


       
       حس خیالی  تا حالا اتفاق افتاده براتون که همین طوری احساس میکنید یک نفر رو میشناسید  یا یک ارتباطی بینتون هست حالا حتما طرف نباید از جنس مخالف باشه. این برای من خیلی اتفاق مییفته! چرا نمیدونم اما چیزی که احساس میکنم رو حس میکنم دو طرف داریم. البته فراموش نکنید که من تا حالا از اونها سوال نکردم اما این حس رو دارم شاید این حس واقعی نباشه اما من از یک چیز اطمینان دارم   حسم به من دروغ نمیگه   شما چی فکر میکنید؟
     

    
</post>

<date>26,May,2004</date>
<post>


       
       urlLink    NO Comment!, Get what you Think  Posted by  urlLink Hello  
     

    
</post>

<date>24,May,2004</date>
<post>


       
       حماقت  میدونید حماقت چیز اصلا جالبی نیست. من اولش فکر میکردم که آدم میتونه توی زندگیش یکی دوبار حماقت بکنه و هیچ اتفاقی هم نیفته اما ظاهرا من اشتباه میکردم اما در یک مورد درست فکر میکردم که هیچ وقت به دوست احمق اعتماد نکنم. البته اصلا نباید دوست احمق داشت اما گاهی اوقات نمیشه از داشتن دوستای احمق اجتناب کرد اما میشه به اونا اعتماد نکرد من توی زندگیم دو یا سه تا از این جور دوستا داشتم که یکیشون واقعا باعث اذیتم شد اما چون به اون اعتماد نداشتم نابودم نکرد راستی یه چیزه دیگه : هیج وقت تلاش نکنید که به کسی که احساس حماقت میکنه کمک کنید. چون حتما مثل من بعد از پنج ماه میفهمید که درانتها اون چیزی رو فهمیده که میخواسته بفهمه نه اون چیزی که تو میخواستی بهش بگی دسته آخر این که  بیاید لطفا  حماقت  نکنیم 
     

    
</post>

<date>23,May,2004</date>
<post>


       
       شک ؟  خوب یا بد  یکی از دوستام برام در باره نوشته شک گفته بود : ای کاش اصلا  شک  وجود نداشت تا آخرش به اشتباه منجر بشه به نظر من این یک نکته مهمیه که ما اصلا قبول داریم شک و این چیزا خوب هست یانه. مثلا اگه شک نبود ما چجوری میفهمیدیم که راهی که میریم درسته یا غلط؟  اصلا درست و غلط چی هست؟ می بینید همه چی از شک شرو میشه و به شک تموم میشه. شاید احمقانه  بیاد اما همینه ما خودمون خوب و بد رو میسازیم بعد به اون شک میکنیم. با شکی که به نظر خودمون میکنیم تلاش میکنیم که عقیدمون رو اثبات کنیم. اگه موفق شدیم که هیچی اما اگه نشدیم و مثل من به عذاب کشیدن عادت کردیم داستان میشه داستانه همون یخ زدنه من خیلی به این موضوع که اگه شک نبود چی میشد فکر کردم و  به این نتیجه رسیدم که توی این دنیا که ما مجبوریم توش باشیم چیزای بد زیادی هستن که شک جزوشون نیست  این ماییم که تعیین میکنیم  شک   خوبه  یا  بد   به هر حال باز امیدوارم که هیچ وقت به هیچ چیز  شک  نکنید و  راحت  زندگی کنید
     

    
</post>

<date>02,June,2004</date>
<post>


       
       urlLink    Believe it or Not, it's always been out there, look at us and we knew it, although portended it's never been there! What were we thinking? Why we never ask? Why we like to portend? WHY?  Posted by  urlLink Hello  
     

    
</post>

<date>31,May,2004</date>
<post>


       
       احساس شادی  آدما دوست دارند که شاد باشند. مهمونی میگیرند با اونایی که دوستشون دارند بیرون میرند و خیلی کاره دیگه. چرا؟ چون میخوان شاد باشند  اما من چرا شاد نیستم؟ من شاید از هر کسی بیشتر از شادی و شاد بودن میدونم. اما شاد نیستم هروقت شروع میکنم به شاد شدن انگار یکچیزی توی وجودم میگه این شادی ها معنی نداره! شاید حق با اونه اما من اینو میپرسم که: پس چه جور شادی ارزشش رو داره؟ باور کنید شاد نبودن اصلا حس خوبی نیست. من واقعا آخرین بار شاد شدنم رو یادم نمیاد میدونید شاید دلیل اینکه من نمیتوتم خوشحال باشم اینه که زیاد در بارش میدونم!! یا زیاد بهش فکر میکنم. اصلا چرا باید همه چیز دو تا باشه؟ شادی و ناراحتی وجود داشته باشه؟ اصلا دلیل این جفت بودن توی خلقت چیه؟ آخ چقدر من سوال دارم و هیچ کس به من جواب نمیده میدونید چیه؟ زندگی  راحت  میخوایید!  فکر نکنید  چون هرچی بیشتر میدونید کمتر میفهمید. چون میفهمید که چقدر نمیدونید  یکی گفت: آدم  خردمند  آدمیه که میدونه چقدر  نمیدونه  
     

    
</post>

<date>31,May,2004</date>
<post>


       
       urlLink    Please show me the way Out of this world! Maybe there I can seek my answers there.   Posted by  urlLink Hello  
     

    
</post>

<date>31,May,2004</date>
<post>


       
       زندگی  من خیلی فکر کردم که چی از زندگی میخوام. پول؟ قدرت؟ آبرو؟  همه ما بالاخره توی زندگیمون دنبال یکچیزی هستیم. اما تا حالا فکر کردیم که اون چیز ارزشش رو داره یا نه؟ همه این چیزای این دنیا از بین میره. حتی اسم خوب هم از بین میره. یک جوره دیگه اگه بگیم اینه که ما از دنیا چیزی رو میخوایم که بهمون نمیتونه بده! اون چیه؟  ابدیت  ما از دنیا  ابدیت  رو میخوایم. میخواییم همیشه بمونیم. همین یک چیز رو دنیا نمیتونه به ما بده. بهمین خاطر ما با دنیا مشکل پیدا میکنیم. البته دنیا  جواب سوالهای  ما رو هم نمیده که العان بحثش نیست  پس حالا بهتر نیست از این به بعد چیزی رو بخواییم که میتونه بهمون بده؟ 
     

    
</post>

<date>31,May,2004</date>
<post>


       
       آخر  سخته که آدم ببینه داره همهچی رو از دست میده و نمیتونه کاری بکنه. میدونید زندگی مثل دندون میمونه! همیشه داریم از دستش میدیم حتی اگه مسواک هم بزنیم. تنها چیزی که مسواک عوض میکنه طول زمان داشتن دندون رو زیاد میکنه. اما همچنان دندونامون رو از دست میدیم زندگی هم همینجوریه اما گاهی وقتا ما نمیتونیم اون مسواک رو هم بزنیم یا شاید نمیخواییم اصلا مسواک بزنیم.  بعد زندگی رو خیلی زود و سریع از دست میدیم اما باز هم سخته. سخته ببینی همه چی رو از دست میدی. با اینکه میدونی بالاخره دیر یا زود از دستش میدی این امید نیروی عجیبیه. بودنش ما به جلو هل میده اما گاهی وقتا همه چی رو خراب  میکنه امید اگه نبود شاید ما آدما جواب سوالاتمون رو خیلی وقت قبل گرفته بودیم و همه چی تموم شده بود  حالا شما خودتون بگید امید خوبه تا ما ببینیم داریم همه چی رو از دست میدیم یا نه 
     

    
</post>

<date>30,May,2004</date>
<post>


       
       urlLink    I Just Feel Blue!  Posted by  urlLink Hello  
     

    
</post>

<date>30,May,2004</date>
<post>


       
       خستگی    حتما تا حالا حتما اتفاق افتاده که حس خستگی به تمام وجودتون نفوذ کرده باشه. احساس جالبی و اوقات خوبی نیست جالب اینه که هر چند وقت یکبار این حس توی آدم بوجود میاد. احساس اینکه بی مصرفی و خستکی توی تمام وجودت رسوخ میکنه! اما بعد از مدتی مثلا بعد از یک خواب فردا صبحش همه چی رو فراموش میکنی همه دردی رو که داشتی. نمیگم این که فراموش میکنیم خوبه چون نیست اما چون به ما احساس راحتی موقتی از یک درد رو میده ما قبولش میکنیم .اما من همیشه به این موضوع فکر میکردم که چی میشه اگه اون روز صبح هیج وقت نیاد. من چی کار میکنم راستی هممون چی کار میکنیم اگه نتونیم فراموش کنیم   العان دلم گرفته. خستم. تمام وجودم خسته است. چی میشه اگه این حس برای همیشه تو دلم لونه کنه    تنهایی  رو همیشه دوست داشتم و میترسیدم که یکی تنهاییم رو ازم بگیره ... . حالا هم تنهام اما این بار دیگه تنهاییم هم باهام نیست. کی  تنهایی  من و  برداشت؟  
     

    
</post>

<date>11,June,2004</date>
<post>


       
      گول زدن مدتها به اين مضوع فكر كردم كه ما بايد توي زندگيمون چي كار كنيم؟  اول شروع شد با اينكه اصلا معني زندگي چيه؟ نتيجه اين شد كه فهميدم  زندگي يك دروغ بزرگه. اينقدر بزرگ كه ما باورش ميكنيم  بعد با خودم فكر كردم كه چرا ما بايد زندگي كنيم. چرا خودكشي نميكنيم؟ نتيجه اين شد كه فهميدم : خودكشي نميكنيم چون دليلي نداره كه خودمون رو بكنيم مدتها هم به اين موضوع فكر كردم كه چه كساني توي زندگيشون موفقند؟ نتيجه اين شد : اونايي موفقند كه خودشون رو  گول  ميزنند  حالا دارم به اين موضوع فكر ميكنم كه   اصلا ما اومديم  معني زندگي  رو بفهميم يا دليل واقعي زندگي اينه كه ما خودمون رو اون جوريكه ميخواييم  گول  بزنيم؟  دنيا عجب جاي عجيبيه؟ 
     

    
</post>

<date>07,June,2004</date>
<post>


       
       جاودانگي  اتفاق افتاده با آدمايي برخورد كنيد كه خيلي علاقه به عكس و عكاسي داشته باشندو تقريبا از همه دوستانشون يا فاميلشون توي هر سني عكس دارند. تازه اين عكساشون رو هم به كسي نميدن وقتي كنارشون ميشيني و آلبوم عكس نگاه ميكني براي هر عكس يك دنيا خاطره دارند. درواقع شايد اونا عكس ميگيرند كه خاطره هاشون رو نگه دارند راستي چرا آدمها اين قدر به خاطره هاشون علاقه دارند؟ چون اون خاطره خوشحال كننده است؟ نه! چون احتمالا متوجه شديد كه بعضي از عكسها اصلا هم شاد نيست. درواقع خيلي هم ناراحت كننده است   پس چرا عكس هارو نگه ميداريم  شايد اين مربوط به حس  جاودانگي  آدم برميگرده! شايد آدم ميخواد با اين كارش خودشو بيشتر توي خاطره ها نگه داره. حداقل توي خاطر خودش اين اتفاق ميفته و اونو خوشحال ميكنه اما چرا باز ما با علم اين كه ميدونيم يك روز فراموش ميشيم اين كار رو ميكنيم؟ يا در تاريخ آدمهايي هستند كه مثلا يك شهر رو آتيش ميزنند و  تا اسمشون توي تاريخ بمونه واقعا اين چيه كه آدم اينقدر دنبالش است؟ چه حسي به يك نفر دست ميده مثلا براي چندين دهه يا صده مردم اسمشون رو به ياد ميارند؟ اونها كه قبلا مردن و چيزي احساس نميكنند؟ چيزاي عجيبي توي زندگي انسان وجود داره كه حتي خودش هم به سختي كه براش توضيح پيدا كنه  راستي ما چقدر درباره زندگيمون  ميدونيم ؟ يا اصلا دربارش  فكر  ميكنيم؟ 
     

    
</post>

<date>17,June,2004</date>
<post>


       
       urlLink    LOVE ALWAYS HURTS  Posted by  urlLink Hello  
     

    
</post>

<date>15,June,2004</date>
<post>


       
      حافظه يكي از دوستام در قسمت جاودانگي نوشته بود:  اگه ميتونستيم يك قسمت از حافظه يا خاطراتمون رو پاك كنيم خوب بود حالا جاودانگي نبود مهم نيست  حرف جالبي زدند. مثلا اگه ممكن بود ما بيست سال زندگي كنيم بعد خاطراتي كه برامون ناراحت كننده است رو پاك كنيم شايد شاد تر زندگي ميكرديم. اما اول بايد به اين سوال جواب بديم كه: چه تضميني هست كه در بيست سال بعدي دوباره عين همون ناراحتي ها يا اشتنباهات رو تكرار نكنيم؟ البته ممكنه همين قابليت پاك كردن حافظه يك جور جاودانگي باشه چون به هر حال به ما يك احساس مشابه هم ميده.در واقع شايد ما ميخواييم جاودانه باشيم كه اشتباهاتمون رو فراموش كنيم. ما ناراحتيم چون وقتي اشتباه ميكنيم ديگه فرصتمي نداريم اما اگه عمرمون بينهايت باشه يا بتونيم حافظه رو پاك كنيم جفتش يك نتيجه رو ميده  ميدونيد ما آدما جاودانه نيستيم. علممون هم كامل نيست. توي دنياي بي دليلي هم زندگي ميكنيم. اما يك نكته مثبت اين دنيا داشته باشه اينه كه ما  تجربه  كسب ميكنيم البته ما اين گزينه رو داريم كه توي زندگيمون از تجربه هامون استفاده كنيم و خودمون رو گول بزنيم يا اينكه همچنان واقعيتها را كه ميبينيم بپذيريم و باز سوال كنيم من از يك چيزي مطمع هستم : ما نيومديم كه فقط زندگي كنيم.! شايد اومديم كه سوال كنيم. شايد كسي كه آوردتمون ميخواسته چيزاي ديگري رو بگه كه نتونسته! شايد … اما مطمعنا فقط زندگي بي معني نبوده 
     

    
</post>

<date>23,June,2004</date>
<post>


       
       urlLink    Dont RUN from the past, LEARN from it.  Posted by  urlLink Hello  
     

    
</post>

<date>23,June,2004</date>
<post>


       
       گذشته آدمها  تا حالا احساس نکردید که گذستتون باعث تصمیمگیری برای آینده شده؟ راستی ما چرا اجازه میدیم که گذشته ما این قدر توی زندگی آینده تاثیر بگذاره؟ یادمون میره گذشته, گذشته است؟ البته ما نباید گذشته رو فراموش بکنیم اما بعضی وقتها یادمون میره که  گذشته به خاطر ما وجود داره نه ما به خاطر گذشتمون   داستان اینجوی میتونه باشه که گذشته ما چه خوب چه بد! نباید در تصمیم گیریمون تاثیر بگذاره چون هر تصمیم به موقع خودش مهم هست و ارزش داره  حالا حکایت من مثل آدمای میمونه که لالایی بلدند اما خوابشون نمیبره من باید چی کار کنم؟ اصلا باید کاری کنم؟
     

    
</post>

<date>02,July,2004</date>
<post>


       
       urlLink    Only for you. I lived cause of you.   Posted by  urlLink Hello  
     

    
</post>

<date>28,June,2004</date>
<post>


       
       فقط برای تو   یادم نمیره که وقتی اومدی توی زندگیم داشتم سقوط میکردم. این قدر سریع که خودم باورم نمیشد یادم نمیره که تلاش کردی بهم امید بدی تا دنیا رو سیاه نبینم. دنیای روشنتو با من تقصیم کردی و یادم نمیره بهت التماس کردم که این کارو نکن. دنیای من دنیاتو نابود میکنه و باز یادم نمیره اینو فهمیدی اما وارد دنیام شدی تا شاید کمکم کنی. به خاطر من  حالا من بهت میگم تو رنگ زندگیم رو تقییر دادی. راه زندگی رو یادم دادی. دوست داشتن رو نشونم دادی حالا وقتی میبینمت یاد روزی میفتم که اولین بار دیدمت. چقدر فرق کردی.  اون موقع شاد بودی. با طراوت بودی. لبت رو گاز نمیگرفتی  ازمن خواستی برات بنویسم. اینو برات نوشتم. فقط برای تو میخوام بگم یه آرزو دارم. یک خواسته  بازم مثل قبل  شاد  ببینمت  شاد شاد شاد   
     

    
</post>

<date>28,June,2004</date>
<post>


       
       urlLink    Dont Forget, Where we have been.  Posted by  urlLink Hello  
     

    
</post>

<date>27,June,2004</date>
<post>


       
       این سرزمین مال منه   دایدو  یکی از خواننده های مورد علاقه من هستند. میدونید من هم از صداشون خوشم میاد هم از شعراشون. بنابراین تصمیم گرفتم یکی از شعرای ایشون رو ترجمه کنم. امیدوارم که خوشتون بیاد وبه اون توجه کنید   Dido Life For Rent Album This Land Is Mine Lyrics   From behind these walls I hear your song Oh, sweet words The music that you play lights up my world The sweetest that I’ve heard Could it be that I’ve been touched and turned Oh Lord, please finally…finally things are changing  [Chorus:] This land is mine but I’ll let you rule I let you navigate and demand Just as long as you know…this land is mine So find your home and settle in Ohhh, I’m ready to let you in Just as long as we know…this land is mine  After all the battles and the wars The scars and loss I’m still the queen of my domain and feeling stronger now The walls are down a little more each day Since you came, finally…finally things are changing  [Chorus]  Follow the days I’ve travelled alone In this cold and colorless place till now It’s what I had to pay  [Chorus]  This land is mine and I let you rule I let you navigate on demand Just as long as you know…this land is mine   دایدو آلبوم زندگی برای کرایه موسیقی: این سرزمین مال منه   در پشت دیوارها صدای آواز تورو شنیدم آه چه کلمات شیرینی موسیقی که نواختی دنیای من رو روشن کرد شیرین ترینی که من شنیدم این ممکنه که من احساسش کرده باشم و برگردم آه خدا, بالاخره ... بالاخره چیزها دارن تغییر میکنند  این سرزمین مال منه اما به تو اجاره میدم که توش قانون بگذاری    به تو اجازه میدم که فرمان بدی و بری فقط تا زمانی که فراموش نکنی ... این سرزمین مال منه پس خونت رو پیدا کن و مستقر شو آه ه ه . من آمادم که بهب اجازه بدم که بیای تو فقط تا زمانی که فراموش نکنی ... این سرزمین مال منه  بعد از اونهمه مبارزه و جنگ زخم ها و شکستها من هنوز ملکه ی سرزمینمم و حالا  احساس قدرت بیشتری میکنم هر روزاین دیوارها یک خورده بیشتر میان پایین  از زمانی که تو اومدی, بالاخره ... بالاخره چیزها دارن تغییر میکنند  دونبال اون روزایی که تنها سفر کردم در این مکان سرد و بی رنگ تا امورز این چیزی بود که باید پرداخت میکردم  این سرزمین مال منه اما به تو اجاره میدم که توش قانون بگذاری    به تو احازه میدم که فرمان بدی و بری فقط تا زمانی که فراموش نکنی ... این سرزمین مال منه   امیدوارم خوشتون اومده باشه. ببخشید که سواد من بیشتر از این نبود و نتونستم بهتر ترجمه کنم  پس یادمون نره کجاییم. یادمون نره توی سرزمین کی هستیم. یادمون نره دل اونی که به ما جا داده رو نشکنیم. یادمون نره اینها همش برای ماست. یادمون باشه اون چیزی هم ازمون نمیخواد جز اینکه  یادمون نره    شاد باشید. هرجا هستید. شاد و شاد و شاد 
     

    
</post>

<date>27,June,2004</date>
<post>


       
       دل خوش  دوباره داره نزدیک میشه قبلنا دیر دیر میامد اما حالا زود به زود بیاد مدت موندنش هم بیشتر شده میدونی تازگیها وقتی میاد زود میفهمم از شب قبلش دلم میگیره  میخوام داد بزنم اما نمیشه. دهنم قفله همش میدونی یبار که داد زدم  اما فقط خودش شنید هیچکی توحه نکرد بعدش بیشتر اذیتم کرد تمام روحم رو خراش داد. دیگه داد نمیزنم نکه میترسم نه خسته شدم خسته از این که هر کار کنی فایده نداره  این بار شاید بار آخر باشه شاید کاری کنم که دیگه لازم نباشه بیاد دوباره لازم نباشه چنگ بندازه تو روحم شاید این بار تسلیم شم شاید این بار نجنگم میدونی بعضی ها میگن شاد باش شاد بودن که کاری نداره میدونی من فقط یک چیز بهشون میگم  دل خوش سیری چند؟  چقدر من تنهام 
     

    
</post>

<date>27,June,2004</date>
<post>


       
       urlLink    Here I am, right now. Killing myself again.  Posted by  urlLink Hello  
     

    
</post>

<date>08,July,2004</date>
<post>


       
       urlLink    No Comments  Posted by  urlLink Hello  
     

    
</post>

<date>08,July,2004</date>
<post>


       
       فال  امروز با یکی از دوستای قدیمیم رفته بودم بیرون. یک چیزی حدود بیش از یک سال و نیم بود ازش خبر نداشتم حالا چی گفتیم بماند اما همینتور که داشتیم توی خیابون میرفتیم و دنبال یک جا برای غذا خوردن بودیم یکی رو دیدم داره فال میفروشه. به دوستم گفتم یکی بگیریم اون هم گفت باشه این فال من بود   بدام زلف تو مبتلای خویشتن است بکُش به غمزه که اینش سزای خویشتن است گرت بدست برآید مراد خاطر ما بدست باش که خیری بجای خویشتن است  برای رسیدن به هدف عالی خود در فن و علم خود ماهر باشی. در کنج خانه خود با قناعت سر کردن بمراتب بهتراز رفتن بدرخانه کسی که قدر تو را نمیداند. در نماز کاهلی وسُستی از خود نشان نده و از خدا برای رسیدن به آرزوهایت کمک بگیر. فقط او برآورنده نیازهاست   من که نمیدونم دقیقا منظور برادر حافظ چی بوده. اما من میدونم که ... حالا هر چی به هر حال این هم داستان امروز ما بود  نتیجه اخلاقی : درس بخون بچه نتیجه مذهبی : نماز بخون بچه نتیجه فلسفی : کی گفته که ما باید آرزو داشته باشیم که بخواییم برآورده بشه؟
     

    
</post>

<date>13,July,2004</date>
<post>


       
       urlLink    Step Back. I came back again, But not EMPTY this time.  Posted by  urlLink Hello  
     

    
</post>

<date>13,July,2004</date>
<post>


       
       پروژه جدید  از امروز به بعد من تصمیم دارم که همه کارام رو از یک روش دیگه انجام بدم. میدونید ما چند تا راه بیشتر نداریم. من آخرش هم توی این مخم نرفت که این دنیا برای چی به وجود اومده. خیلی فکر کردم. زندگیم رو خراب کردم خودم رو اذیت کردم و ... اما در آخر از خودم پرسیدم که ارزشش رو داشت. میدونید جوابم چی بود؟ من میگم اگه فقط برای یک لحظه هم دلیل زندگی رو بفهمیم باز هم ارزشش رو داره اما خوب که فکر کردم دیدم که با این راه که دارم حتما به اون لحظه نمیرسم.!! برای همین تصمیم گرفتم که راهم رو عوض کنم. راهم چیه؟ اینه: زندگی توی حال. زخیره همه چی برای آینده. البته شاید این کار رسیدن به هدفم رو به ظاهر کند کنه اما میدونید من دو تا انتخاب داشتم:  1- اینقدر فکر کنم تا به مرگ فلسفی برسم  2- به خودم یک استراحت بدم و منتظر فرصت باشم  میدونید به این نتیجه رسیدم که شادی وجود نداره. شاید دلیل اینکه من شاد نبودم این بود که زیاد دنبالش میگشتم.!! اما از این به بعد اصلا بهش فکرم نمیکنم من راه دوم رو انتخاب کردم. منتظر فرصتی میمونم که لیاقتش رو دارم و یاد میگیرو و میسازم. حتی اگر مجبورشم تمام دنیا رو بسازم نمیگم شاد باشید دوستان. میگم امیدوارم که اون لحظه رو پیدا کنید. امیدوارم   نتیجه  دنیوی : هرچی بیشتر بخوای کمتر میرسی. کم بخواه تا زیاد بدست بیاری 
     

    
</post>

<date>22,July,2004</date>
<post>


       
       urlLink    Jealousy, The Weakness or Strangeness?   Posted by  urlLink Hello  
     

    
</post>

<date>20,July,2004</date>
<post>


       
        حسادت  حسادت یکی از احساساتیه که من دربارش فکر کردم. راستی ما چرا حسودی میکنیم؟  به شکلهای مختلفی میشه به این سؤال جواب داد، اما یکی دیگه از زاویه هایی که باید بهش توجه بشه اینه که بعضی اوقات دیده میشه که دخترها از پسرها بیشتر حسودن! سؤال دوم اینه که این خوبه یا نه؟  بنابر اون چیزایی که من بهش فکر کردم، آدمها به چیزایی حسودی میکنند که بهشون بیشتر اهمیّت میدن اصلا حسادت به این دلیل میتونه باشه که ما میترسیم یک چیز رو از دست بدیم یا دوست داریم یک چیز رو داشته باشیم در حالی که نداریم  بهرحال این حس، حسی ست که توی آدمها هست. نمیشه عوضش هم کرد. حتی خود من با تمام بی احساسیم به همه چیز، گاهی اوقات حسودیم میشه. و بنابر قانون شخصی خودم هیچ وقت با حسی که طبیعی تو وجودم است نمیجنگم، بیشتر تلاش میکنم که باهاش کنار بیام. چه جوری؟ راههای مختلفی هست که توی شرایط مختلف استفاده میشه. -  البته توی موضوع حرف من نیست    اما یادم میاد که یک فیلسوفی میگفت: نفس آدم مثل یک شیر خشمگین میمونه! نمیشه همین جور رفت جلو و رامش کرد، باید حقه بزنی، از حیله استفاده کنی    چیزی که میخوام بگم اینه که:   &nbsp;تلاش نکنید با خودتون بجنگید، حستون رو بشکنید یا خودتون رو اذیت کنید. برای اینکه با خودتون کنار بیاید باید باهوش باشید، برنامه ریزی کنید    یادتون هم نره:   هیچ چیزی توی وجود آدم بیدلیل نیست! هیچ احساسی رو نباید نابود کرد، فقط باید باهاش کنار بیای و بموقع ازش استفاده کنید  &nbsp; اما چرا دخترها بیشتر حسودی میکنند؟  اوّل من دقیقا من نمیدونم که این جمله درسته یا نه! ( قبلش هم بگم من به دخترها خیلی احترام میگزارم حتی اگه نخوان ) اما بر فرض درست بودن، این نشون میده که دخترها بیشتر به چیزای اطرافشون اهمیت میدن که خوبه. میدونید ما پسرا گاهی خیلی بیخیال میشیم! حتی آینده هم برامون بی اهمیّت میشه اما دخترها کمتر این جوری میشن. شاید دلیل این که دخترها بیشتر حسادت میکنند این باشه که طبیعت در تعادل باشه. البته من خودم به این چیز آخر اعتقاد ندارم اما این هم نظر دیگه  به هر حال از مختون هم استفاده کنید هر از چندگاهی، مغز آدم برای کنکور خلق نشده
</post>

<date>20,July,2004</date>
<post>


       
         Spiderman 2     تازه فیلم مردانکبوتی رو با بچه ها دیدم. باید اعتراف کنم که قیلم از نظر جلوه های ویژه عالی بود اما داستانش... نمیدونم چی میشه  گفت    البته این همیشه یک موضوع اساسی بوده که هالیود تلاش میکنه به دلیل فقر تاریخی آمریکای نوین و نداشتن قهرمانان ملی دست به ساخت قهرمان توی فیلم ها بزنه که البته یک استراتژی صحیح به نظرمیاد. اما این بار توی این فیلم به این موضوع بطور علنی اشاره میشه! واقعا باید این کار رو بکنند. منظورم اینه که درسته آمریکه نیاز به فهرمان سازی داره اما واقعا این لازم است که این رو به طور علنی اعلا م کنند؟ 
</post>

<date>29,July,2004</date>
<post>


       
        خوب یا بد  حتما از خودتون سؤال کردید که شما آدم خوبی هستم یا نه؟ بیشتر ما اولش یک جواب به خودمون میدیم امّا وقتی بیشتر فکر میکنیم و با خودمون رو راست میشیم ممکنه که جوابمون تغببر کنه امّا اصلا چرا ما برامون مهمه که خوب باشیم یا بد؟ یک دلیلش این میتونه باشه که اگه ما کاره خوبی بکنیم و توی دلمون هم به این نتیجه هم رسیده باشیم، این باعث میشه که اعتماد به نفسمون بیشتر بشه البته بعضی ها با خودشون قرار گذاشتند که تا یک حد محدودی کاره بد بکنند! برای این آدما کاره بد نکردن شاید به این معنی باشه که میتونه باز هم کاره بد بکنه اما واقعا ما چه جوری میفهمیم کاری خوبه یا بد؟ من آدمهایی رو دیدم که از یک کاری به عنوان کار خوب تعریف میکنند اما نظر من با اونا خیلی فرق میکرده خوبی و بدی یک جورایی نسبی ست. این رو من اعتقاد دارم. امروز بشر کاری ور بد میدونه که 200 سال قبل خوب میدونسته و همینجور بر عکس  امّا میخوام اینو در آخر بگم: این منو شماییم که خوب و بد ر و معنی میکنیم.  پس حواسمون باشه که چی کار میکنیم   &nbsp; نتیجه اخلاقی: اخلاقی وجود نداره نتیجه تاریخی: تاریخ&nbsp;هم&nbsp;عوض میشه نتیجه فلسفی: ما هممون چه بخوایم چه نخوایم فیلسوف هستیم
</post>

<date>01,August,2004</date>
<post>


       
       urlLink    GOD is still Somewhere out there. It should be, I hope. I just hope.  Posted by  urlLink Hello  
     

    
</post>

<date>01,August,2004</date>
<post>


       
        چنین گفت زرتشت 
</post>


<date>21,July,2003</date>
<post>

	 
        Starter   Hello Every Body I will Try to wite about everything that i thing is funy in our life or we need to think about it. Tank You
    
</post>

<date>07,August,2003</date>
<post>

	 
        Natural life   I believe all of us made some time to thing about our life, our future and so on but most of us are not satisfied of our life.  Why? I think because we are prisoner of our life.  So I guess you thing by yourself ''say something new!'' 
    
</post>

<date>29,May,2004</date>
<post>

	 
       urlLink    I've done it for myself, You do it for yours.  Posted by  urlLink Hello  
    
</post>

<date>28,May,2004</date>
<post>

	 
       Life meaning!!!  I just think sometimes about myself, and what I am in this universe. The universe is hundreds thousands times or bigger then me. What is my significant in this world? Dose it stop with out me? Does it care about me? And in one world:  What I am in the world?  This  shouldn’t  be  tough  question, because we are all here, so we have to know why we are here, life should have some meaning. However this is still a question, thus in somepoint should something been missed or gone wrong!  I really donÂt believe those ideas which say: “God created us to see, Do we follow his wish or not”. God doesn’t need us for these cheap reasons; in fact god doesn’t need us at all, why he should need the human. Of course all this arguments are on if and only if we accept there is a God, which I think it should be something. Now let's back to our significance in whole universe. By the way why we go so far, what is our meaning in our town? If we pay our taxes, be a good neighbour, help people and more this mean it is our reason to be alive? I don’t think so. There got to be something more, something more important. Like what? I don’t know. That’s why I ask this question for. I know I should be good but why I should, never been clear. Although I am sure of something, somehow in someway being good make me feel nice too.   SOBECAUSE BECAOUSE OF  YOU  NOT FOR OTHER PEOPLE.  
    
</post>

<date>28,May,2004</date>
<post>

	 
       urlLink    What is the real world? Can we really call those things around us real world? Does only every thing we see is the real world? What will happen about those things we sense and can't prove?   Posted by  urlLink Hello  
    
</post>

<date>25,May,2004</date>
<post>

	 
       Dreams  Have you ever had a dream that when you woke up think that was real a happened? I’m sure all of us had this experience before although did you think about it? In fact why we have to have dream? Is it really something biological that our body need it? Or it's about something else. I know people that really haven’t a dream and still have beautiful life! So it can’t be something biological only. Perhaps it has relation to it but not completely, and this is the nature, noting is complete. So what does it would be then?  You may think that it maybe is the image of ourselves that we can’t have in the real life. Thus we make it in our dreams. True it might be a possible explanation which related to psychology. However for instance, I have a dream since I remember, and every time I woke up I thought it has really has happened to me. Even the whole dream makes me tired too. I can’t stop not sleeping but when I sleep it doesn’t help to fresh me up. Though it is different with the nightmare, sometimes I enjoy them. So what it would be? The things that I do in my dream, I have no idea what they are they come from. It is not my imaginary life, somehow I thing this life is the imaginary one.   Really, how we can find out we are  sleep  or  a weak ?  And something else: I can see the future in my dreams. I believe every one dose. When you do something that you think you have done it before, means that you have seen future but do not remember it totally. Now what we call this thing? They are images that come to our head by random chances? I don’t think so.  So do that they could be? I don’t know exactly but I have theory about it: We don’t live in the exactly real world. Every thing around us has other characteristics than we know. We have other significance in someplace else.  Where is that place? No idea but I can feel it, I know it is some where or even it is exactly around us. It should exist somewhere, because with out it a lot of things don’t fit in their place.  Next time you do something that knows about it already, try to remember where you remember it from. I’ve done it before. I tried to memorize those things that I thought it would be happened in future and amazingly they did.  And if we could really know about the future, what will happen to our  choice ?   Does  future  has already been written? 
    
</post>

<date>25,May,2004</date>
<post>

	 
       urlLink    I can't talk, I can't tell but I can see and I can THINK&nbsp; urlLink   
    
</post>

<date>24,May,2004</date>
<post>

	 
       Choice II   High Important : when we want to talk about High Important Stuff it is better we first define what would be important. See, in my view those things which we mention it in future by  Transformer events  are important in our life. for instance it has happened that your friend tell you about seeing someone who thought couldn’t see him/her again, and by this his/her life changed for some reason. These things are not our choice too, so the question is   ARE WE HAVING CHOICE ?  See, this is always been a crisis and mans couldn’t get over it in all his history. Even in this situation itself we do not have choice to not ask these kinds of question. We always get some explanation for it although the certain answer has never been made.  
    
</post>

<date>24,May,2004</date>
<post>

	 
       Choice  Have you ever thought about that human beings have choice in their life or not? obviously we didn’t have choice to born, actually we don’t remember it, if it was decision of ours of course, and we didn’t have choice to born in what kind of family in what country and ... . But still some of us think human have choice in their life. Frankly I am one of those people who think we have choice of our life, but in another way. I mean I divided whole decision things in to some  different levels or categories  such as  Less Important decisions or High Important decisions . Human right is to choose somewhere in the middle of this imaginary diagram. Although what did happen to the Less and High Important things.   First  Less Important : these things are done by system itself, like autopilot. Interesting isn’t it. It doesn’t matter who you are, depending on your situation system decide something happen to you, like you accidentally fall in the middle of a lovely walk without any reason, it don’t hurt you and may make others laugh but it happened for reason which you don’t know it and it wasn’t your choice neither.  Second  High Important : let’s talk about these later; remember to think about it, what things would be high important decision which is not you choice? 
    
</post>

<date>22,May,2004</date>
<post>

	 
       urlLink    NOT SPECIAL&nbsp; urlLink   
    
</post>

<date>21,May,2004</date>
<post>

	 
       Special or Not Special  Have you ever think that you are somehow special and you will do something which will change the future of all humanity? If yes, I’ll tell you something... I was one of those people who thought is special. I though I will change the life of a lot of people and will be an important person in the world wide. I had these dream till last night. What happened last night, I’ll tell you:  I have had a very hard exam, I had time to read but I didn’t and put everything for last moment because I believed I could do it. The thing is I just passed one of my worst nights ever, I even had thought about the way to kill myself too. - Now I understand why people attempt to kill themselves when have failure in their life - anyway I just realize something, how much you thing you are special, it doesn’t matter if you don’t work hard for it, there is no free thing in the world that give it to you and don’t ask anything because you thing you are special. In conclusion please do not thing you are special because I am sure you are NOT. Actually I am nobody, so like you but if I just work a bit harder I will be a special person, at list I have hope to be but I’m not sure I could make it. So why are we playing this “Special Person” games?  Subsequently never forget,  YOU ARE NOT SPECIAL .  I know its sounds hard to you; believe me I was hard for me to understand too but always said Truths aren’t come up easy. 
    
</post>

<date>19,May,2004</date>
<post>

	 
       LOVE AND LIFE, This is a Problem  I was thinking about love lately a lot, also about the meaning of life too.  You know what I got most when I thought deeper?  I starting to realize that the life meaning are should be has some relation to the Love itself. Ask me about its relation, my answer is: The meaning of LIFE isn’t LOVE. You might figure it out by yourself before although u still confuse about the meaning the life though, don’t you. I tell you what? See, love is a very complicate person. I prefer to call it person because it might be having life for itself. But it shouldn’t make us to call it the meaning of life if we really don’t know how this is. So think more clearly next time. Is the real meaning of LIFE is LOVE or it is something else we didn’t want to think about it!  
    
</post>

<date>27,June,2004</date>
<post>

	 
      One of my web log’s friend has wrote in her web log a beautiful piece of poem that I like to share with you, but first I should thanks  urlLink Sarvenaz  for her lovely web log:   I am not shallow, nor deep. I am not smart, nor dumb. I am not nice, nor mean. I am not the best, nor the worst. I am not strong, nor weak. I am not happy, nor sad. I am not good, nor bad. I am not fun, nor boring. I am not fast, nor slow. I am not rich, nor poor. I am not the winner, nor the loser. I am not sweet, nor bitter. I am not old, nor young. I am not short, nor tall. I am not black, nor white. I am who my destiny has formed me into…   And really we are who we meant to be! Although what did happen to our will?
    
</post>

<date>26,June,2004</date>
<post>

	 
       urlLink    It is here. Now Close again  Posted by  urlLink Hello  
    
</post>

<date>17,June,2004</date>
<post>

	 
       I had a strange Dream!!  I don’t know why I’m wanna talk to you now But somehow I really want Something is happening I’m afraid Not because of me Not for anyone I just feel unsafe Something is around Near Far Sometimes come really close Put its hands around my neck Portend doesn’t harm But it will Sometimes get far No one can see it But still  You know you are watched From distance I fear not for myself But ... Please Please Answer me   If you don’t   
    
</post>

<date>17,June,2004</date>
<post>

	 
       urlLink    LET ME OUT OF HERE ... .  Posted by  urlLink Hello  
    
</post>

<date>15,June,2004</date>
<post>

	 
       Out of Here  You know what? Get over here and let’s play or no let’s  bet  on our lives. Loser has to have other player life and lives for him too. Let’s give our life to those who lives  happily . Those aren’t  sad .  Let’s they enjoy our life, at least we are sure our life doesn’t wasted. I’m tiered, tiered of myself or more of everyone else.  LET ME OUT OF HERE 
    
</post>

<date>15,June,2004</date>
<post>

	 
       urlLink    Make me BLEED!!  Posted by  urlLink Hello  
    
</post>

<date>15,June,2004</date>
<post>

	 
      Life or Vacation In a movie there was a girl how in the last part of the film she ask herself  may be life is a vacation of something. Maybe we are supposed to enjoy it and spend it with those we love.  This is an interesting philosophy. Life is a vacation, and it might be true. However these questions come after it: we choose to go to vacation, we know this is not a real life when we are in vacation, and we now exact time to leave the vacation. But in the life, we don’t know we choose or not, we have no idea about another life and of course the end is still unknown too. Although as all instance, it just gives us some points.   1- We should enjoy the life.  2- This life isn’t real.  I know we are suppose to be  happy , but  Does happiness equal to enjoy? 
    
</post>

<date>07,June,2004</date>
<post>

	 
       Fear or Respect  Have you ever thought about what we human have to fear of? Do we have to fear of our enemy? Or perhaps if we are very brave we don’t fear of anything. Some religious people say that men have to not fear of anything except  GOD . This is a nice prophesies I believe, however did we try to define what  GOD  is? We assume that every body knows the meaning of God! The power far-far beyond of human’s power in this word. But I have another proposition for answer to this question:  I say we shouldn’t fear of anything except  ourselves .  Really did you ever thing which it might be we are God? See in my religion God say to human that I am as close as your neck to you. I always ask myself what is a close as my neck to me? And you know what my answer was? It was me! Or I hear a lot of times which if you want to know God, know yourself. So in fact we can say we still afraid of God if we fear of ourselves. Although what is fear?  Maybe fear is some sort of respect. Actually we don’t afraid of those we respect to but we make difference between them and other who we don’t respect. So it is possible all meaning of fear was respect. And in some point this definition has changed. In conclusion you are the God, so respect your God.   Respect yourself.  
    
</post>

<date>01,June,2004</date>
<post>

	 
       urlLink    All I Need is to Know ... !!!  Posted by  urlLink Hello  
    
</post>

<date>01,June,2004</date>
<post>

	 
       Enjoy  We always wanted to enjoy what we do or what we have, but do we ever think about why we like to enjoy every thing? Enjoying is good because it give us feel good, because it let us stand the hardness of our life. In other word, enjoying stop us to become tiered. This is what exactly we don’t want to become, tiered. People pay a lot of their money to spend a time in good holiday, because they were tiered of the ordinarily life. When we start losing every thing, in fact loosing our concentration people tell us: "Take a vacation.” Why? Because when we enjoy something we prepare to take a life more seriously.  We need to enjoy things we do, and we basically don’t do it in normal life, so we try to make it. However the time after enjoyable moment is sad because we don’t want to leave whose moments. So we have two choices:   1 - Enjoy every thing! 2 – Do not enjoy anything. First choices will not actually happen in our life, maybe we portend to enjoy every thing but soon we will tire to portend it. In second choices we don’t enjoy anything, so we get tired but that what it is, we never enjoy anything and still get tired. In other hand we don’t get sad after enjoying too. Anyway there is the third choice which is the one we take every time.   By the way, why we have to enjoy something or hate it? Why we hate something others enjoy it? Who make us to be like that?  Maybe we should ask him why we are like this and why!! 
    
</post>

<date>30,July,2004</date>
<post>

	 
       urlLink    Please Help me!!  Posted by  urlLink Hello  
    
</post>

<date>27,July,2004</date>
<post>

	 
       TRY!!   I can't fucking  TRY  anymore. What the hell is wrong with me?  I am Allways not in the Mood. What the hell is going with me?  Please, Please, Say something. 
    
</post>

<date>27,July,2004</date>
<post>

	 
       urlLink    Those time is Gone. Now is my turn again.  Posted by  urlLink Hello  
    
</post>

<date>22,July,2004</date>
<post>

	 
       What about this time  Something has happened, I don’t want to believe it but it happened anyways. I am not the best anymore! It is so strange cause in 20th years before it never happened to me.  I never wanted to be the first but second, I was at least second if I wasn’t fist.  Now things have been changed. I am nothing. I waste my time away for doing nothing.  I have to do something. I have to change a lot of things. I am far far behind of what I should be. I have to be quick, very quick.  I know what happened now, and I will change those things have went wrong. I am going to get back to the game. And this time I’m definitely going to win.   So I’m telling you, who wants to stop me: You may slow me down for a while but I’m back again, stronger than before. So  fear  of me, because this is  fear  that keeps you in the safe distance from me.   
    
</post>

<date>22,July,2004</date>
<post>

	 
       urlLink    I was watting for you, even now!!  Posted by  urlLink Hello  
    
</post>

<date>15,July,2004</date>
<post>

	 
       I'm Glad this time  Want to know the truth? It came back again. I don’t know this time is going to be like before - attack me then leave me to reinforce or this time is the time to stay forever - or not but it is coming back yet again. Feel sorry for myself. However I am happy for myself because at least I had good break, made me ready for it. I didn’t expect it so soon, but what the hell. It comes anyways. 
    
</post>

<date>15,July,2004</date>
<post>

	 
       urlLink    A Hidden Monster may Show itself !  Posted by  urlLink Hello  
    
</post>

<date>08,July,2004</date>
<post>

	 
       Chasing    Alright, you were right it is following me! Maybe is not going to leave me for ever which I expect so but it is not about it, it is about me. It is about me wanted to be free. I like my freedom and now the feeling is came back again. You know, I am going to   ignore it this time. I am going to let it understand how the ignoring feels is.   In a simple word:   This time I am the BOSS. And I am going to be a bitch bout it.   Ok, Now what’s you gonna be moron?   
    
</post>

<date>08,July,2004</date>
<post>

	 
       urlLink    Just show me, where is the EXIT?  Posted by  urlLink Hello  
    
</post>

<date>01,July,2004</date>
<post>

	 
       To Realize ...  I find it in  urlLink here . It was very interesting for me.   To realize  The value of a sister  Ask someone  Who doesn't have one.   To realize  The value of ten years:  Ask a newly  Divorced couple.   To realize  The value of four years:  Ask a graduate.   To realize  The value of one year:  Ask a student who  Has failed a final exam.   To realize  The value of one month:  Ask a mother who has given birth to a premature baby.   To realize  The value of one week:  Ask an editor of a weekly newspaper.   To realize  The value of one hour:  Ask the lovers who are waiting to meet.   To realize  The value of one minute:  Ask a person who has missed the train, bus or plane.   To realize  The value of one-second:  Ask a person who has survived an accident.   To realize  The value of one millisecond:  Ask the person who has won a silver medal in the Olympics.......   Time waits for no one. Treasure every moment you have.  You will treasure it even more when you can share it with someone special.   To realize the value of a friend:  Lose one.  ********************************   What do you think?  To realize  The value of life: Waste it? 
    
</post>

<date>01,August,2004</date>
<post>

	 
       urlLink    What do you think about this Picture? let me know if you got some comment.  Posted by  urlLink Hello   
    
</post>


</Blog>